{
  "CodeQL": 1212.866666666667,
  "Semgrep": 1307.5983333333336
}