{
  "qwen2.5-coder:32b": 623.633333333333,
  "mistral:latest": 1011.7666666666668,
  "qwen2.5-coder:latest": 790.6000000000007,
  "llama3.1:latest": 842.0333333333335,
  "phi4:latest": 698.5999999999998,
  "deepseek-coder:6.7b": 2654.4666666666653,
  "devstral:24b": 612.8999999999999
}