{
  "qwen2.5-coder:32b": 549.0,
  "mistral:latest": 886.6999999999998,
  "qwen2.5-coder:latest": 711.8333333333336,
  "llama3.1:latest": 843.9000000000004,
  "phi4:latest": 634.8000000000002,
  "deepseek-coder:6.7b": 2683.2666666666673,
  "devstral:24b": 738.0333333333328
}