{
  "qwen2.5-coder:32b": 508.6000000000001,
  "mistral:latest": 816.8,
  "qwen2.5-coder:latest": 665.2000000000004,
  "llama3.1:latest": 772.5666666666668,
  "phi4:latest": 610.6,
  "deepseek-coder:6.7b": 2455.766666666667,
  "devstral:24b": 665.6333333333332
}