{
  "qwen2.5-coder:32b": 551.3999999999999,
  "mistral:latest": 871.4333333333334,
  "qwen2.5-coder:latest": 757.1666666666671,
  "llama3.1:latest": 754.6666666666669,
  "phi4:latest": 605.9000000000001,
  "deepseek-coder:6.7b": 2333.2999999999993,
  "devstral:24b": 734.4666666666666
}