{
  "qwen2.5-coder:32b": 597.9816666666667,
  "mistral:latest": 1124.1499999999999,
  "qwen2.5-coder:latest": 938.6999999999999,
  "llama3.1:latest": 893.1333333333336,
  "phi4:latest": 803.8750000000001,
  "deepseek-coder:6.7b": 1279.1666666666665,
  "devstral:24b": 588.9733333333335
}