{
  "qwen2.5-coder:32b": 634.5750000000002,
  "mistral:latest": 1188.1166666666663,
  "qwen2.5-coder:latest": 915.3000000000001,
  "llama3.1:latest": 866.7833333333332,
  "phi4:latest": 805.8166666666668,
  "deepseek-coder:6.7b": 1160.9933333333327,
  "devstral:24b": 599.1833333333334
}