{
  "qwen2.5-coder:32b": 584.7150000000003,
  "mistral:latest": 1159.7499999999998,
  "qwen2.5-coder:latest": 900.3499999999999,
  "llama3.1:latest": 891.3833333333334,
  "phi4:latest": 787.5500000000002,
  "deepseek-coder:6.7b": 1316.7666666666664,
  "devstral:24b": 563.3733333333336
}