{
  "qwen2.5-coder:32b": 620.9816666666668,
  "mistral:latest": 1158.55,
  "qwen2.5-coder:latest": 910.4833333333336,
  "llama3.1:latest": 809.6000000000001,
  "phi4:latest": 782.45,
  "deepseek-coder:6.7b": 1245.2833333333333,
  "devstral:24b": 547.4500000000002
}