{
  "CodeQL": 1260.966666666667,
  "Semgrep": 1307.5983333333336
}